Type,CardText
Prompt,"Ah HA! It was Chanakya Pandit, in the temple library, with ______!"
Prompt,All I want for Janmashtami is _______.
Prompt,"Alright, class. Presentations are due this Ekadashi, and don't forget: you get extra seva points for _______!"
Prompt,"Alright, gurukula students. The votes are in, and the new ashram mascot will be ______."
Prompt,"Alright, which one of you brahmacharis has been typing ""______"" into YouTube?"
Prompt,"Alright, which one of you little rascals is responsible for ______?!"
Prompt,"And in the blue corner, weighing in at 280 pounds of pure prasadam weight, it's Bhima ""______"" Das!"
Prompt,"And over here is the BBT's famous painting, ""Portrait of _______."""
Prompt,"And the theme for this year's Ratha Yatra festival is: ""A Night of _____________."""
Prompt,And today's Sunday Feast soup is Cream of _____________.
Prompt,Anyone can do kirtan! Just throw your hands in the air and pretend you're _____________!
Prompt,Scholars now believe that the ancient Kurus worshipped _______.
Prompt,"As your Ayurvedic doctor, I must say this amount of _____________ is abnormal for a bhaktin your age."
Prompt,"At gurukula, I'm just Mandakini. But at Vrindavan yatra, I'm ""______ Mandakini."""
Prompt,"Attention temple gift shop visitors. Unfortunately, we will be closing early due to _____________."
Prompt,Attention devotees! Temple President Prabhu is at home recovering from ______. We hope he'll be back soon.
Prompt,Attention devotees! This is Temple President Prabhu reminding you that we do not allow ______ in the temple room. Thank you.
Prompt,Be out of the bathroom in a sec! Just having trouble with _____________.
Prompt,Beep beep! ______ coming through!
Prompt,"Before I attend your late-night kirtan sleepover, I must inform you: board games bore me, and I don't care for sweets. I prefer _______."
Prompt,"Behold, I have pulled the sword from the stone! I am now the King of _______."
Prompt,"Bow before me, for I am the Queen of ______!"
Prompt,"Bow wow wow! I'm a big smelly temple dog, and I loooooove _____________."
Prompt,Brahmacharis love _____________.
Prompt,Boys? No. ______? Yes!
Prompt,DURYO ANGRY. DURYO DESTROY ______.
Prompt,DURYO FEEL SICK. DURYO NO LIKE ______ ANYMORE.
Prompt,DURYO MAKE MISTAKE. DURYO REALIZE _____________ BAD NOW.
Prompt,Dandavats Daily breaking news! Over half of ISKCON devotees are now _______.
Prompt,Chanting on the first round has evolved into _______!
Prompt,"Class, pay close attention. I will now demonstrate the Bhagavatam's description of ______."
Prompt,Come on guys! Let's go to the basement and play my favorite game: _____________ in the Ashram Basement!
Prompt,"Come on, Damodara. All the cool gurukula kids are doin' it. Wanna try _______?"
Prompt,"Come with me, and I will show you a world of ______."
Prompt,"Coming soon! ""Hanuman vs. ______."""
Prompt,"Coming to temples this Gaura Purnima season, ""Mahabharata: The Rise of ______."""
Prompt,"Darn kids! In my day at the ashram, all we needed to have fun was _____________."
Prompt,"Designers! For this week's challenge, you must make a Deity outfit designed for _____________."
Prompt,Did you hear about the new avatar? She's ______!
Prompt,Did you know that Srila Prabhupada invented ______?
Prompt,"BBT proudly presents ""_______ on Ice."""
Prompt,Do NOT go in the Yamuna. There's _____________ in there.
Prompt,ENOUGH! I will not let ______ tear this ashram apart!
Prompt,"Easy or not, here comes _____________!"
Prompt,Ew. The senior-most devotee in the ashram smells like _______.
Prompt,Foolish child! Did you think you could escape from ______?
Prompt,"Gather round the tulasi lamp, children, and let me tell you the bone-chilling story of _____________."
Prompt,Gopis just wanna have ______.
Prompt,"Prabhus, stop it! There's nothing funny about ______."
Prompt,HAHAHAHA! DURYO HAPPY. DURYO HAVE FUN WITH _____________.
Prompt,Here lies Stinky Damodara Das. He died from _____________.
Prompt,Hey Mayapur! Lookin' for good prasadam and family fun? Come on down to _____________ Govinda's!
Prompt,Hey Mataji? Can you sign this permission slip for _______?
Prompt,"Hey Raghunath, I'll give you five bucks if you try _______."
Prompt,Hey prabhus. I just want to tell all my followers who are struggling with ______: it DOES get better.
Prompt,Hey kids! Are you ready for the best Kartik ever? Welcome to Camp ______!
Prompt,"Hey, check out my band! We're called ""Rage Against ______."""
Prompt,"Hey, kids. I'm Sensei Trivikrama Swami. Today, I'm gonna teach you how to defend yourself against ______."
Prompt,Holy TULASI! Now THAT'S what I call _____________!
Prompt,Holy cow! My video of _____________ has ten million views!
Prompt,"Honey, leave your godbrother alone. He's busy with _____________."
Prompt,"Huddle up, brahmacharis! They may be bigger. They may be faster. But we've got a secret weapon: ______."
Prompt,I am very learned. I am currently reading a 500-page commentary about _______.
Prompt,"I can show you _____________. Shining, shimmering, transcendental."
Prompt,I do not fight for wealth. I do not fight for glory. I fight for _______!
Prompt,"I don't really know what my mataji's seva is, but I think it has something to do with ______."
Prompt,"I finally finished my autobiography. It's called ""My Prabhu: The Story of _____________."""
Prompt,"I have an extremely rare condition called ""_____________ Face."""
Prompt,"I have invented a new sport. I call it ""______ ball."""
Prompt,I lost my arm in a ______ accident.
Prompt,I put a curse on you! And now you're _____________.
Prompt,"I'm not like other gurukula kids. Toys bore me, and I don't care for simply wonderfuls. I prefer ______."
Prompt,"I'm sorry, Gopal, but that's not an acceptable Bhagavatam class presentation. That's just _______."
Prompt,"I'm sorry, Mataji Shanti, but I couldn't finish my shloka memorization because of ______."
Prompt,"If I had a million dollars, I'd spend it all on _____________."
Prompt,"Isn't this great, prabhu? Just you, me, the kids, and _______."
Prompt,Listen! I'm from the next yuga. You've got to stop _____________!
Prompt,It's BIG. It's SCARY. It's _______!
Prompt,"Arjuna will return in ""No Time for _______."""
Prompt,"Govinda, look out behind you! It's ______!"
Prompt,"Kids, Prabhu is trying something new this week. It's called ""______""."
Prompt,"Ladies and gentlemen, I have discovered something amazing. I have discovered ______."
Prompt,Little Miss Mirabai / Sat on a kusha mat / Eating her halava and ______.
Prompt,ME HUNGRY. ME WANT _______.
Prompt,MY NAME DURYO. DURYO LOVE ______.
Prompt,"Lord Indra, we've run out of time. The only option is ________."
Prompt,Hare Krishna. Here I go again. My my! How can I resist _____________?
Prompt,Me and my friends don't play with dolls anymore. We're into ______ now.
Prompt,"Mataji! Mataji! Look at me, Mataji! I'm _____________."
Prompt,Mataji!? You have to come pick me up! There's ______ at this program.
Prompt,"Mataji, there's an asura under my bed and he wants ______."
Prompt,Matajis love ______.
Prompt,"My all-time favorite book is ""The Lion, The Witch, and ______."""
Prompt,My prabhu and I enjoy ______ together.
Prompt,"My favorite book is ""The Amazing Adventures of ______."""
Prompt,"My favorite dinosaur is ""______asaurus."""
Prompt,"My name is Arjuna. I was blessed by Lord Shiva, and now I'm ______."
Prompt,"Never fear, Captain ______ is here!"
Prompt,New from BBT Press! It's DURYO: The Game of ______.
Prompt,"New from the deity department, it's ______ Deity outfit!"
Prompt,New from Govinda's: it's the Govinda's ______ Samosa.
Prompt,Next from Vyasadeva: Bhagavatam and the Chapter of ______.
Prompt,"Next in the festival performance, Gopal will wow us with _____________."
Prompt,"No fair! How come Radha gets her own kartals, and all I get is ______?"
Prompt,"No, Govinda may not come over. He has yet to apologize for ______."
Prompt,Nothing brings a congregation together quite like _____________.
Prompt,Now in bookstores: Narada Muni and the Mystery of ______.
Prompt,Now in toy stores: it's _____________ Hanuman!
Prompt,"Oh Dark Lord, we show our devotion with a humble offering of ______!"
Prompt,Oh no. Mataji's new marriage arrangement is _____________.
Prompt,"Oh noooooo, the substitute Bhagavatam class speaker is ______!"
Prompt,"Oh, no thank you, Mataji. I've had plenty of ______ prasadam for now."
Prompt,"Oh, that's my mataji's friend Chaitanya Prabhu. He comes over and helps her with _______."
Prompt,Old MacDonald had _____________. Hare Krishna Hare Krishna.
Prompt,"On the 12th day of Janmashtami, my guru gave to me: ______."
Prompt,"On the next episode of ""Travels with Narada Muni,"" Narada explores _______."
Prompt,"One ISKCON, under Krishna, indivisible, with mercy and ______ for all."
Prompt,Our day at the Yamuna was totally ruined by _______.
Prompt,Govinda's Restaurant: No rules. Just ______.
Prompt,"Prabhu, come quickly! There, in the tulasi garden! Do you see ______? Tell me you see it, Prabhu!"
Prompt,Temple security! Stop this devotee! He's ______!
Prompt,"Princess Rukmini, the kingdom is in danger! You must stop ______."
Prompt,"Put on your tilak, strap on your bead bag, and get ready for ______!"
Prompt,"Rub a dub dub, _______ in the Radha Kunda!"
Prompt,"Run, run, as fast as you can. You can't catch me, I'm ______!"
Prompt,"Quiet, Urmila! At least I'm not ______."
Prompt,"Son, we need to talk. We found _____________ under your asana mat."
Prompt,"Thanks for watching the ashram kids! Just a heads up: Gopika's going through a bit of a ""_____________"" phase."
Prompt,"Thanks for watching! If you want to see more videos of ______, smash that subscribe button and chant Hare Krishna."
Prompt,That's not fair! You can't give me extra service for ______.
Prompt,"Lord Indra called. He needs _____________, NOW!"
Prompt,The aliens are here. They want _______.
Prompt,The easiest way to tell me and my twin apart is that I have a freckle on my cheek and she's _______.
Prompt,The hills of Govardhan are alive with the sound of _____________!
Prompt,"The warm August air was filled with change. Things were different, for Bhaktin Emily was now _______."
Prompt,There's nothing better than a peanut butter and ______ sandwich from Govinda's.
Prompt,"They call me ""Prabhu ______."""
Prompt,"This Ratha Yatra election day, remember: a vote for me is a vote for _____________."
Prompt,"This is gonna be the best ashram sleepover ever. Once Mataji and Prabhu go to bed, it's time for ______!"
Prompt,This is your captain speaking. Fasten your seatbelts and prepare for _____________.
Prompt,"Time to put on my favorite t-shirt, the one that says ""I heart ______."""
Prompt,"Today we honor Narada Muni, the patron saint of ______."
Prompt,"Today, we had a gurukula assembly warning about the dangers of _____________."
Prompt,"We're good, Mataji! Other than _____________, we're all good!"
Prompt,We're not supposed to go in the brahmachari ashram storage room. They keep ______ in there.
Prompt,"We're off to see the acharya, the wonderful acharya of ______!"
Prompt,"Welcome to Govinda's, where every plate of prasadam comes with _____________!"
Prompt,"Welcome! We're glad you're here at the temple. Now sit back, relax, and enjoy ______."
Prompt,"Well, look at what we have here! A big fancy man walkin' in like he's ______."
Prompt,What killed Old Bhishma?
Prompt,What really killed the demons in Vrindavan?
Prompt,What ruined Janmashtami?
Prompt,What would be way cooler on fire?
Prompt,What's about to take this gurukula dance to the next level?
Prompt,What's all fun and games until somebody gets hurt?
Prompt,What's keeping Prabhu so busy in the garage?
Prompt,What's pretty much the stupidest thing in the world?
Prompt,What's my mystic siddhi?
Prompt,"When I barfed, what came out of my mouth?"
Prompt,"When I grow up, I'm gonna be _____________."
Prompt,"When I look in the mirror, I see ______."
Prompt,"When I pooped, what came out of my butt?"
Prompt,Where do jivas come from?
Prompt,"Whoa there, partner! Looks like _______ spooked Arjuna's horses."
Prompt,"Yarrrr! Captain Jatayu, 'tis bad luck to bring _____________ aboard a pushpaka vimana!"
Prompt,"You don't love me, Prabhu. All you care about is ______."
Prompt,"You're grounded, young lady! No ______ for a whole week."
Prompt,"Young lady, we do not allow ______ at the prasadam table."
Prompt,_______? No.
Response,"""Hare Krishna Hare Krishna"" on repeat forever (but that's actually the goal)."
Response,"14 samosas, 6 laddu, and a medium cup of nimbu pani."
Response,20 million gopis with hypnotizing lotus eyes.
Response,A 40-piece Sunday Feast plate that just keeps getting reloaded.
Response,A karmi.
Response,"A demigod named ""Jim."""
Response,A single tulasi leaf placed with great devotion.
Response,A mayavadi.
Response,A Super Soaker filled with Yamuna water from 1972.
Response,A first-wave Prabhupada disciple who won't let you forget it.
Response,A baby with a full tilak.
Response,A bad kirtaniya who can't hold a tune but chants louder than everyone.
Response,A bad Bhagavatam class speaker who just reads the purport word for word.
Response,A water balloon filled with mango lassi.
Response,Jambavan.
Response,A beautiful painting of Lord Jagannatha's big round eyes.
Response,A big brahmachari coming over and defeating my dad in a scripture debate.
Response,A big ol' plate of Sunday feast khichri that's 90% water.
Response,Govardhan Hill.
Response,A big sad Jatayu with no wings.
Response,A big sweaty mridanga player at the Ratha Yatra.
Response,A big wet tilak smear from the overly enthusiastic temple greeter.
Response,A big whiny brahmachari who didn't get seconds of halava.
Response,"A big, and I mean BIG Kurma avatar."
Response,"A big, fat, wiggly, squishy, talking, screaming laddoo that fell on the floor but someone picked it up and said ""Maha is maha."""
Response,A pigeon pooping on the GBC chairman's head during Mayapur festival.
Response,The mahat-tattva.
Response,A bounce house shaped like Govardhan Hill.
Response,A bountiful harvest of Damodara month pumpkins and gourds.
Response,"A kirtan group, but instead of singing and dancing they aggressively distribute books."
Response,"A devotee who is very sweet, but very new."
Response,A brahmachari's secret stash of cashews.
Response,A bunch of dead demon bodies on the Kurukshetra battlefield.
Response,A sabji smoothie.
Response,A dhoti that eats your dignity every time the wind blows.
Response,A Deity that speaks to the pujari at 4 AM.
Response,"A chariot with legs instead of wheels (oh wait, that's just the devotees pushing it)."
Response,A caveman named Jada Bharata.
Response,A peacock that has tulasi as a crown and a tail the size of a vyasasana.
Response,A cloud that rains ghee (courtesy of Indra's apology tour).
Response,A deep-fried pakora of suspicious origin.
Response,A vyasasana that absorbs anyone who sits on it unqualified.
Response,"A cow that produces more cows (Surabhi, basically)."
Response,Mother cow.
Response,"A cowherd boy who is half boy, half butter thief."
Response,A cursed jackal from the tenth canto with no backstory.
Response,Bhishma on the bed of arrows.
Response,"A dead Putana, expanding across the landscape."
Response,"Timingila, the whale-swallowing fish."
Response,A sannyasi who is napping but doesn't know he is napping.
Response,A temple dog that stares into the void between arati and prasadam.
Response,A Deity that drinks real milk!
Response,A fake guru made out of charisma and Instagram followers.
Response,A conch blast that can be heard over the entire Kurukshetra battlefield.
Response,Sudarsana Chakra.
Response,"A temple cat named ""Narasimha."""
Response,A ghee-powered kartals-clapping machine.
Response,Srila Prabhupada's glorious saffron.
Response,A golf course that's been converted into a self-sufficient Hare Krishna farm.
Response,"A snake with no legs (Ananta Shesha, technically)."
Response,A hot air balloon powered by the hot air from a four-hour Bhagavatam class.
Response,A Vaishnava embrace that lasts uncomfortably long.
Response,A huge honkin' drumstick-sized carrot in the Sunday feast sabji.
Response,"A huge, muscular baby Krishna lifting the mortar between the arjuna trees."
Response,A hundred screaming monkeys building a bridge to Lanka.
Response,A killer Narasimhadeva.
Response,"A long, hot abhisheka."
Response,"A long, long Ananta Shesha."
Response,"A man with a conch for a mouth and a lotus for a hand (wait, that's just Vishnu)."
Response,A Manipuri kirtan band.
Response,A japa bag that is also a best friend.
Response,"A painting of a river-bathing scene from the Bhagavatam that the art teacher says is ""transcendental."""
Response,A neck as incredibly thick as Balarama's.
Response,"A nice, warm glass of Govardhan Hill milk, straight from the cow."
Response,A pair of lotus feet just walking around Vrindavan.
Response,"A devotee with two broken kartals, a cracked mridanga, and a japa bag with no beads."
Response,"A prasadam-devouring temple mouse named ""Ganesh."""
Response,A plate of halava as big as Yashodamayi's love.
Response,A pregnant Devaki in chains.
Response,A tilak applicator that's slightly too pointy.
Response,A rotisserie eggplant in a silk Deity outfit.
Response,A scoop of chutney of unknowable origin.
Response,A screaming festival organizer three days before Janmashtami.
Response,Kamsa.
Response,A sloth very slowly doing dandavat pranams across the temple room.
Response,A smelly sadhu from the 1800s who hasn't bathed since Kartik.
Response,A murti of a naked Digambara Jain that someone accidentally put in the Krishna temple.
Response,A stranger with maha-prasadam.
Response,A super angry temple cat who lives under the vyasasana.
Response,A tiny brahmachari who solves tiny philosophical doubts.
Response,A treasure map that leads to a lost Deity in a Vrindavan basement.
Response,A bullock cart.
Response,Attachment to the material world that just won't flush.
Response,A surabhi cow that gives rivers of condensed milk.
Response,A very serious tulasi leaf allergy (the worst possible curse).
Response,A water bottle that drinks your attachment to sense gratification.
Response,A whole lot of kumkum.
Response,A whole pot of yesterday's dahl.
Response,"A wise, old mataji with no teeth and cloudy eyes who remembers Prabhupada."
Response,Arjuna.
Response,Accidentally burning down the kitchen during a ghee lamp offering.
Response,"Accidentally calling the temple president ""Prabhu-mom."""
Response,Acting kinda maya.
Response,Grihasthas.
Response,Bharata-varsha.
Response,Aliens who are actually just residents of the higher planetary systems.
Response,All of your japa beads falling off the string during mangala-arati.
Response,Solitary bhajan in a locked room.
Response,"An authentic 5,000-year-old Kurukshetra arrow verified by the Bhagavatam Research Institute."
Response,An eggy smell coming from the neighbor's kitchen that tests your tolerance.
Response,"An independent woman in Kali-yuga (one of the signs, apparently)."
Response,"An invisible Supersoul who witnesses all of your giant, visible sins."
Response,"An old, dirty temple dog with bad breath who sits in on every class."
Response,An order of paneer pakoras from that sketchy stall near the ISKCON gate.
Response,An owl in Vrindavan that hoots disapprovingly at your midnight japa.
Response,An ugly demon who eats planets.
Response,Angering the demigods.
Response,Mahabharata manga.
Response,Anti-tilakers.
Response,Fire ants during outdoor kirtan.
Response,Anxiety about your japa count and depression about your anarthas.
Response,Radharani (but mentioning Her name with great reverence).
Response,As many gulab jamuns as will fit in this harmonium case.
Response,"Sarasvati, Goddess of Learning."
Response,Aunty Pishima.
Response,GARUDA.
Response,Baby Krishna (Bala Gopala).
Response,First-generation ISKCON devotees.
Response,Neem juice acne.
Response,Bad parenting according to the Manu Samhita.
Response,Kaustubha gems.
Response,The sound a new bhakta makes when they try karatalas for the first time.
Response,Barfing into a prasadam plate after your third plate of Ekadashi feast.
Response,Barfing mustard-yellow haldi after a turmeric milk overdose.
Response,Bathing in the Radha Kunda at 4 AM.
Response,Hanuman.
Response,Beautiful Grandmother Bhumi Devi.
Response,Becoming taller and stronger than the temple president.
Response,Becoming the next GBC.
Response,"Varuni (the celestial beverage, not the gross one)."
Response,"Being French, hoh-hoh-hoh! (a.k.a. the Paris ISKCON temple energy)."
Response,"Being Varaha, the cosmic boar."
Response,Being adopted by Nanda and Yashoda.
Response,Being bad at Sanskrit but good at microwaving yesterday's subji.
Response,Being born from Brahma's navel lotus.
Response,Being in the mode of ignorance.
Response,Being a sahajiya.
Response,Being famous on ISKCON Desire Tree.
Response,Being forced by the guru to attend mangala-arati for the rest of your life.
Response,Being hunted by Jatayu's owl cousins.
Response,"Being in tamasic mode all day and calling it ""meditation."""
Response,Being the devotee who plays kartals way too loud during kirtan.
Response,Being pregnant with a demon who already tried to kill you twice from the womb.
Response,Being super serious about the no-garlic policy right now.
Response,Being trapped inside the temple donation box.
Response,Being unable to advance spiritually because I am a bodily concept.
Response,Being a raw-food devotee who refuses even Radharani's cooking.
Response,Bench pressing a full pot of Sunday Feast rice.
Response,Mother Yashoda.
Response,Big Vrindavan boys with tilak tans.
Response,Big Bhima.
Response,Aghasura's belly full of cowherd boys.
Response,Kaliya Nag!
Response,"Big, juicy pustules from Putana's false breast milk."
Response,"Big, slappy hands from too much mridanga practice."
Response,A gopi who only sings in whisper-voice during rasa-lila.
Response,Biting into a laddu that turns out to be a soap ball from the gift shop.
Response,Biting off Shishupala's ear before the hundredth offense.
Response,Blaming a fart on the temple dog during Bhagavatam class.
Response,Blasting farts in the pujari room during arati.
Response,Blasting my gurukula teacher into the Brahmanda with the Brahmastra.
Response,Bleeding ghee after years of only eating prasadam.
Response,Blossoming into a beautiful young brahmachari.
Response,Blowing kisses at the sankirtana devotee handing out books.
Response,Blowing up Rahu right before the eclipse.
Response,Gopi dots body glitter.
Response,The Narayanastra.
Response,The Ashvini Kumaras.
Response,Dried chandan flakes falling off your forehead.
Response,Boring Mayavadi philosophy that nobody cares about.
Response,Brahmacharis.
Response,Braiding my sikha into an elaborate updo.
Response,Building a ladder of samosas to Goloka Vrindavan.
Response,Burning Ravana's Lanka.
Response,Holika bursting into flames instead of Prahlad.
Response,Hanuman's tail hair.
Response,Getting your head replaced by an elephant's after a mishap with Lord Shiva.
Response,The cave Jambavan dragged Krishna into.
Response,Jambavan's buttocks of all shapes and sizes after fighting Krishna for 28 days.
Response,The quarantine pastime where Narada visited every house and Krishna was in all of them.
Response,Cabbage sabji again for the fifth straight day.
Response,Calculating the circumference of Govardhan Hill.
Response,Calling the GBC.
Response,Kunti Devi dropping bars in her prayers.
Response,"Bhima, the man who loves eating literally everything."
Response,Cartwheeling into the middle of Ratha-yatra.
Response,Temple cat pee on the vyasasana cushion.
Response,Cavities from too many Govinda's sweets.
Response,Shakuni cheating at dice.
Response,Haldi fingers after cooking the Sunday Feast offering.
Response,Jambavan's chest hair.
Response,Chenna balls fresh from the kitchen!
Response,Gurukula kids scrubbing the pots at 4 AM.
Response,The kingdom of China described in the Mahabharata.
Response,Chugging a gallon of Yamuna water and then projectile vomiting charanamrita.
Response,"DURYO, the talking demoniac ape."
Response,Chunks of maha-prasadam halava stuck in your beard.
Response,Agarbatti addiction.
Response,Whatever creatures live in the Causal Ocean.
Response,Kali-yuga getting progressively worse.
Response,Climbing inside Aghasura's mouth thinking it's a cave.
Response,Cocktail-sized gulab jamuns.
Response,The one brahmachari who secretly has a coffee habit.
Response,"Cold, wet chapatis from last night's offering."
Response,Bhishma coming back from the brink on his bed of arrows for weeks.
Response,Complaining about the Sunday Feast like Duryodhana at a peace negotiation.
Response,Spiritual constipation from not chanting your rounds.
Response,Cool sunglasses on the six-armed form of Chaturvyuha.
Response,Covering my body with sesame oil and sliding across the temple marble floor like a snail.
Response,Covering myself with turmeric and tamarind because I am a samosa.
Response,Crab-walking from the bathroom to retrieve your dhoti that fell off at the other end of the ashram.
Response,Fresh cream for the Deity's abhisheka.
Response,"Creepy Durvasa Muni, a 10,000-year-old rishi who lives in the forest and shows up uninvited."
Response,When a karmi sees you doing dandavats in the airport.
Response,Arjuna's Gandiva bow.
Response,Crying in the bathroom after your japa score.
Response,The baby Krishna.
Response,Parashurama's anger management problems.
Response,Bhima's famous post-feast digestion.
Response,Lord Indra's demigod friends.
Response,Mataji's famous dahl that could bring Vaikuntha to earth.
Response,Prabhu's nasty feet after barefoot parikrama.
Response,Narasimhadeva's head on a normal guy's body.
Response,Dancing with my son like Nanda Maharaj at the birthday festival.
Response,Dried tulasi leaves: the forbidden protein supplement.
Response,Sudama Vipra.
Response,Dead dead dead demons from the Bhagavatam's tenth canto.
Response,The ultimate illusion that doesn't actually exist because we are eternal.
Response,"Deep-frying Prabhu's laptop full of ""only transcendental"" downloads."
Response,Letting your ox defecate on the neighbor's lawn during Govardhan parikrama.
Response,Demanding to speak to the Temple President.
Response,Hiranyakashipu destroying the three worlds.
Response,Shiva destroying the universe with his tandava.
Response,Diaper-wearing baby Krishna covered in butter and dirt.
Response,What happens after drinking Yamuna water without a filter.
Response,"Digging a hole, burying your japa beads in the hole, falling into the hole during Mangal arati, and dying in the hole in Vrindavan which is actually perfection."
Response,Prasadam.
Response,Disappointing your spiritual master.
Response,Ditching the morning program.
Response,"Sita and Ravanaâ€”wait, actually no, that's kidnapping."
Response,Doing Hanuman stuff.
Response,Doing a backflip onto the squat toilet and immediately regretting the rajasic feast.
Response,Committing Vaishnava aparadha and going to Yamaraja's court.
Response,Doing Kalaripayattu.
Response,"Narada the Explorer, traveling all fourteen planetary systems."
Response,Temple drama!
Response,Dreaming about brahmacharis.
Response,Drinking a whole bottle of mango lassi.
Response,Drinking caranamrta to see what it tastes like and then becoming spontaneously ecstatic.
Response,Drinking from the Yamuna and eating maha-prasadam off the floor like a proper sadhu.
Response,Drinking panchagavya from a silver cup with full Vedic ceremony.
Response,Drinking chai and smoking philosophy with the babajis.
Response,Driving a bullock cart on the highway.
Response,Driving around town on a ratha cart blasting Hare Krishna.
Response,Drunk-on-nectar devotees after the Gaura Purnima kirtan.
Response,A gopi whose singing makes everyone forget their bodies.
Response,"Dumbness as described in the mode of ignorance, Bhagavad-gita 14.8."
Response,Dump halava that someone tried to cook without a recipe.
Response,"Bhima ""The Mountain"" Sena."
Response,That one prabhu who tracks everyone's service hours on a clipboard.
Response,Dying of old age on a bed of arrows while waiting for Uttarayana.
Response,Ear wax from not cleaning your ears since taking the brahmachari vow.
Response,"Eating a whole tulasi plant, manjaris and all."
Response,Eating butter like baby Krishna.
Response,Eating Garuda's emergency provisions.
Response,Eating a burfi while doing parikrama around a sacred cow.
Response,Eating a kachori at Loi Bazaar on Ekadashi and immediately regretting it.
Response,Eating a firefly to gain Sudarshana Chakra powers.
Response,"Eating a rock laddu, getting the laddu stuck in your stomach, swallowing a second laddu to push out the first one, then getting that stuck, and then having to go to the Vrindavan hospital."
Response,Eating a whole roll of wicks meant for the ghee lamps.
Response,Eating an entire tray of gulab jamuns.
Response,Eating bicycles to somehow become famous like Bhima.
Response,Eating leftover maha-prasadam out of the donation box.
Response,Eating khichdi out of my chadar.
Response,Bakasura eating people.
Response,Eating green chilies and experiencing agni-hotra from the other end.
Response,"Eating toenail clippings because ""it's prasadam if you chant over it."""
Response,Eating with your feet because your hands are in your bead bag.
Response,Curd rice.
Response,Eight hours of uninterrupted maha-kirtan.
Response,Elegant Vaishnava turbans.
Response,Draupadi.
Response,Sattvic emotions.
Response,Everyone being so much in maya.
Response,Everyone in Bhagavatam class falling asleep at the same time.
Response,Evil walking dhotis possessed by a Kali-yuga ghost.
Response,Kali personified.
Response,Spontaneous combustion from offending a brahmana.
Response,Extra-warm buttermilk that's been sitting in the sun since the morning offering.
Response,Extremely tight kachcha-style dhoti that restricts all movement.
Response,Extreme coupon-clipping for bulk ghee at Costco.
Response,The lotus eyes of Lord Jagannatha.
Response,CONCHSHELL BLAST!
Response,Gopi-dots and tilak that won't stay on in the summer.
Response,Falling off the ratha cart.
Response,Falling off Govardhan Hill during parikrama.
Response,Offering a loud pranam and blaming the sound on the mridanga.
Response,Fanning Prabhupada's murti so aggressively it blows off his garland.
Response,Bottling Vrindavan dust and selling it on Etsy.
Response,Splashing around in Radha Kunda fully clothed.
Response,Force-feeding someone a tulasi leaf.
Response,Accidentally sitting on a harmonium during kirtan.
Response,Chanting so hard your bead bag rips.
Response,The post-feast-prasadam situation in the ashram bathroom.
Response,A Barbie doll in a sari with a shaved head.
Response,Fear of offending Vaishnavas.
Response,Fifty gallons of mango lassi flooding the temple kitchen.
Response,Fighting maya with my massive tilak.
Response,Finding a bay leaf in your khichri and thinking it's tulasi.
Response,Finding a whole neem twig in your Simply Wonderfuls.
Response,Kartals.
Response,Fire ants in the dandavat pit.
Response,The Agni in a proper Vedic yajna.
Response,Fist-fighting Hiranyakashipu.
Response,Five tiny brahmacharis in a saffron chaddar pretending to be a sannyasi.
Response,"This material body made of flesh, bone, and yesterday's subji."
Response,Flipping the table during a GBC meeting.
Response,ISKCON Alachua.
Response,Flying monkeys from Lanka.
Response,Forgetting your dhoti at the Sunday Feast.
Response,Four trillion rotisserie eggplants from the prasadam kitchen.
Response,Fourteen liters of Yamuna water.
Response,Free halava.
Response,Spiritual freedom from the cycle of birth and death.
Response,Exchanging garlands with your beloved.
Response,Kissing a toad who is actually Indra in disguise.
Response,Deep-fried paneer eyes on a Jagannatha cake.
Response,Transcendental friendship in the mood of Sudama and Krishna.
Response,The permanent frown of a temple authority when you show up late for mangala-arati.
Response,Full-body ecstatic trembling during the Gaura Arati.
Response,Lila.
Response,"Furries, but they are Jambavan's bear army."
Response,Caranmrita that's been sitting out since Janmashtami.
Response,The free bin at the temple gift shop.
Response,Getting a big smooch from the pujari who just ate raw garlic by accident.
Response,Getting a bunch of tilak tattoos and living in a van down by New Vrindavan.
Response,Getting a Simply Wonderful that's already been licked.
Response,Getting an A+ in Bhakti Shastri.
Response,Getting eaten by Bakasura.
Response,Getting grounded from kirtan forever.
Response,Getting kicked by a Vrindavan cow.
Response,Getting lost in the Mayapur campus.
Response,Getting my nose ring caught on my sari during arati.
Response,Getting my hand stuck in the donation box.
Response,Getting my sacred thread tangled in everything.
Response,Getting pushed into the Ganges fully clothed.
Response,Getting swatted by a pujari's chamara for touching the Deities.
Response,Getting your sikha stuck in the ceiling fan.
Response,Ghost pretas from the tenth canto.
Response,Ghosts who didn't finish their rounds.
Response,Giant Enemy Demon (Ravana's inflatable effigy at Dussehra).
Response,Gopi power.
Response,Gopis.
Response,"Giving birth to 16,108 sons because you married Krishna."
Response,"Giving my temple dog a huge, sloppy kiss after he rolled in cow dung."
Response,Kali-yuga.
Response,Going outside for the first time after a month-long Kartik vrata.
Response,Going to a restaurant and interrogating the waiter about onion and garlic.
Response,Going to Govindas.
Response,Going to the spiritual world.
Response,"Googling ""how to stay awake during Bhagavatam class."""
Response,Hanuman's army of monkeys.
Response,"Grabbing a Godbrother's phone and texting ""Hare Krishna"" to all his contacts."
Response,Grandmother doing full dandavats at the temple.
Response,"Grandmother's dentures flying out during a particularly enthusiastic ""Haribol!"""
Response,Grandfather's Prabhupada-days war stories.
Response,The gravity of Govardhan Hill on the head of a seven-year-old boy.
Response,Grilled paneer tikka.
Response,Gross amounts of hing in everything.
Response,"Gross, disgusting, completely revolting subji from 1977 that's still in the temple freezer."
Response,Growing a sikha so long it drags on the ground.
Response,Extra guac on my Govinda's burrito (it's a donation btw).
Response,Vaishnava aparadha.
Response,Guts and lotus eyes.
Response,HANDS THAT SHOOT SUDARSHANA CHAKRAS.
Response,Hair growing out of a Nrisimhadeva painting.
Response,Jata growing out of weird places on a babaji.
Response,Kartals the size of hammers.
Response,Hanging with my cow doing cow stuff.
Response,Having an extra set of arms like Lord Vishnu.
Response,Having no sanga.
Response,Having two guru-matas.
Response,Helping Dad light the ghee lamps.
Response,Helping my Godsister with her scoliosis from too many dandavats.
Response,"Here comes the bullock cart, baby!"
Response,The hiccups you get from drinking caranamrita too fast.
Response,Hiding my japa counter in my bead bag so no one sees I'm only on round four.
Response,Hitting a Dahi Handi pot full of bees.
Response,Hitting my Godbrother with a rolled-up BTG.
Response,Bhakti Shastri homework.
Response,"Honestly, just a big ol' pair of Jagannatha eyes."
Response,The Honey that Madhava is literally named after.
Response,Hormones vs. brahmacharya.
Response,Hot breath from too much hing.
Response,Kachori with no chutney.
Response,Hot magma from Lord Shiva's third eye.
Response,"Hot, runny paneer makhani."
Response,Hugging a tulasi plant.
Response,Trafficking in Radharani's saris.
Response,Hunting my Godbrothers with a water gun during Holi.
Response,"Krishna knows, and honestly I couldn't even tell ya."
Response,"Maya, I have no idea."
Response,Ibuprofen after a twelve-hour Ratha Yatra.
Response,Illegal aliens from the higher planets visiting without Yamaraja's permission.
Response,Illegally downloaded kirtan.
Response,Illegally smuggled Vrindavan sweets.
Response,Maha-prasadam ice cream from Govinda's.
Response,Imaginary friends who turn out to be Paramatma.
Response,In-laws who won't stop asking when you'll get a real job instead of temple service.
Response,Inappropriate touching of the Deity without being a pujari.
Response,Internet trolls on Dandavats.com.
Response,"Arjuna, the original Iron Man of the Vedic age."
Response,"It doesn't matter, it's all maya anyway."
Response,Kheer so thick you could plaster a wall with it.
Response,Jelly beans offered to Gaura Nitai by a confused new bhakta.
Response,"Lord Jesus Christ, bonafide son of God."
Response,"Balarama, the original John Cena."
Response,Jumping into the Govardhan Kunda.
Response,Jumping off the roof of the Mayapur chandrodaya mandir.
Response,Monkeys in Vrindavan stealing your glasses.
Response,Putting chutney on absolutely everything.
Response,Kid brahmacharis who can out-chant anyone.
Response,"Kidnapping Rukmini (but it's consensual and romantic, somehow)."
Response,Killing the spider but then feeling bad because ahimsa.
Response,Exchanging garlands at a fire yajna.
Response,Kissing your japa beads.
Response,Kissing your Prabhupada murti goodnight.
Response,Knee surgery from years of dandavats on marble floors.
Response,Knowing everything because you read the Bhagavad Gita once.
Response,"Kalaripayattu, the original martial art."
Response,LEGO bricks scattered on the temple room floor during a midnight bathroom run.
Response,"Lasagna, but it's actually seven-layer rice-subji-dal-puri-halava-chutney-kheer prasadam."
Response,Laughing so hard mango lassi comes out of your nose.
Response,Lava from when Shiva opens his third eye.
Response,Leaving my body at the time of death while remembering Krishna.
Response,Licking every Simply Wonderful in the box.
Response,Lightning from Indra's vajra thunderbolt.
Response,Illicit grains not offered to Krishna.
Response,Illegal Diwali fireworks set off during mangal arati.
Response,Infinite samosas blessed by the Sunday Feast crew.
Response,Precocious gurukula kids who already memorized the Twelfth Canto.
Response,Intensely staring at Lord Jagannatha's enormous eyes.
Response,Itchy feet from not wearing shoes in the temple for fourteen years straight.
Response,NARASIMHADEEEEEVA!
Response,"Lord Jesus Christ, great devotee of God."
Response,That one brahmachari who won't stop doing Bharatanatyam in the hallway.
Response,Prabhupada's transcendental smile in every single photograph.
Response,"Ashwatthama, who is still out there somewhere."
Response,Joining the brahmachari ashram.
Response,That one devotee named Jagadish who fixes everything in the temple.
Response,Jumping on a trampoline in a dhoti.
Response,"Just hangin' out in Vrindavan, eatin' dust."
Response,Just one tulasi leaf placed on the offering plate.
Response,The temple president's wife who actually runs everything.
Response,"Krishna's mother, Yashoda."
Response,Hanuman ripping Lanka apart.
Response,Touching the lotus feet of your spiritual master.
Response,Tridents.
Response,Balaram's glistening transcendental muscles.
Response,Radha Kunda.
Response,The Sudarshana Chakra.
Response,Lassoing Mayavadis into the Sunday Feast program.
Response,Temple lawyers dealing with the zoning board again.
Response,Arjuna on the battlefield.
Response,Leaving the temple room door open while the deities are being dressed.
Response,Doing full dandavat pranams.
Response,Head lice going around the gurukula for the fifth time this year.
Response,Licking the maha-prasadam plate clean when nobody is watching.
Response,Licking the last drop of charanamrita off your palm.
Response,Samsara.
Response,Lighting the ghee lamp and accidentally setting the altar cloth on fire.
Response,Like a million sacred cows all mooing at once.
Response,"""Whatever, prabhu."""
Response,Instagram likes on the temple's Janmashtami post.
Response,The kirtaniya who thinks they're a rock star.
Response,Literally dying from the smell of Hing in the kitchen.
Response,Literally ruining my spiritual life.
Response,Little Bunny Foo-Foo bopping the Putana demon on the head.
Response,Living inside Ananta Shesha's coils at the bottom of the Garbhodaka ocean.
Response,Living in a mud hut on the banks of the Yamuna with 200 peacocks.
Response,Living behind the dumpster at the Hare Krishna temple and surviving on remnants.
Response,Locking Duryodhana in the lac house.
Response,Locking Mother Yashoda's butter pot in the pantry.
Response,Separation from Krishna.
Response,"Rahu's long, creepy shadow fingers during the eclipse."
Response,Looking through the window of the pujari room while they dress the deities.
Response,Prema.
Response,Lovingly placing two Govinda's cookies over the eyes of Bhishma on his bed of arrows.
Response,Telling your mom you already offered the cookies to Krishna but you definitely didn't.
Response,The Gathering of Devotees at Kumbha Mela.
Response,Magical prasadam halava that makes you forget all material desires.
Response,Making Kamsa cry.
Response,Making out behind the book distribution van.
Response,Making the temple bathroom smell after Sunday Feast dal.
Response,Making the bees angry by taking too much honey for the Madhu offering.
Response,Mall Prabhus distributing books at the holiday kiosk.
Response,Mataji's down-home kitchri.
Response,Many sacred cows.
Response,Ratha Yatra cart racing.
Response,Srila Prabhupada.
Response,"Mashing a banana into a bowl and calling it ""prasadam baby food."""
Response,Sanskrit camp.
Response,Sankhya philosophy.
Response,"Mayonnaise, which is NOT prasadam, prabhu."
Response,"Me, your Guru Maharaja."
Response,The false ego.
Response,"Meat blindness, also known as tamo-guna."
Response,"Subji balls, subji balls, subji balls!"
Response,Mataji's famous over-spiced cooking offered with so much love you can't complain.
Response,Mother Yashoda's divine backside as she chases baby Krishna.
Response,"Mom's friend, Devahuti."
Response,Mataji's new sari that's also somehow a cape.
Response,"Mom's spaghetti, but it's actually sevai kheer."
Response,"Mataji's new co-guru, Darth Maul-ish Narasimhadeva."
Response,Laxmi devi.
Response,Mooing in the goshalla at 4am.
Response,"Most of a bull named Dharma, standing on one leg."
Response,Mouth-to-mouth resuscitation of your japa practice.
Response,Moving to Mayapur.
Response,Mowing the ashram lawn as your Saturday service.
Response,Committing spiritual suicide by eating bhoga.
Response,My annoying god-brother.
Response,My annoying god-sister.
Response,My big donkey-like false ego.
Response,My copy of the Bhagavad-gita that I use to settle every argument.
Response,My cool aunt who left the ashram but still does kirtan at home.
Response,My dang bramhachari disciples.
Response,My ex-ashram.
Response,"My father, who is basically Dhritarashtra."
Response,My followers on Krishna Tube.
Response,My friend Sudama.
Response,My future arranged-marriage husband who I've met exactly once.
Response,"My girlfriend, who lives at the Alachua temple. You wouldn't know her."
Response,"My parents, who still don't understand why I gave up garlic."
Response,"My pet peacock, Paravani."
Response,My god-sister's sikha hair all over the ashram bathroom.
Response,My god-sister's stupid karmi boyfriend.
Response,"My stepmother, the wicked Kaikeyi."
Response,"My strong, terrifying daughter who recites Narasimha prayers before meals."
Response,My whole subtle body getting purified and beautiful through bhakti.
Response,Mystery vegetables in the Sunday Feast subji.
Response,Naked Naga babas at the Kumbha Mela.
Response,Naptime during the afternoon Bhagavatam class.
Response,Nasty Cousin Duryodhana.
Response,Never showering but also never smelling bad because of all the sandalwood paste.
Response,"The Yamuna river, but with liquid ghee instead of water."
Response,Temple security ninjas guarding the donation box.
Response,Third-eye beams from Lord Shiva.
Response,The third eye.
Response,No longer attending gurukula because I already memorized the entire Bhagavatam.
Response,No dhoti.
Response,Pranayama breath retention contest during japa.
Response,Not doing my assigned Bhakti Shastri homework.
Response,Not having a future to worry about because time is cyclical and this is Kali Yuga anyway.
Response,Not knowing what a mridanga is.
Response,Not wearing tilak.
Response,Not wiping the charanamrita off your hand.
Response,Shunya. Void. Nothing. The Mayavadi dream.
Response,"Nuclear war at the end of Dvapara Yuga, also known as the Brahmastra."
Response,Nunchucks made from rolling pins in the temple kitchen.
Response,Srila Prabhupada's arrival in America.
Response,Old Brijabasi's Steamy Hing Chutney.
Response,Old dried-out prasadam from three festivals ago.
Response,Elderly Vanaprastha devotees.
Response,One long sikha growing out of an otherwise bald head.
Response,One tough mataji who runs the whole Sunday Feast program solo.
Response,One weird-lookin' tulasi plant that just won't grow straight.
Response,Only dal. For every meal. Forever.
Response,Organized Varnashrama dharma.
Response,Govinda's Restaurant.
Response,Overthrowing the influence of Kali Yuga.
Response,Pantaloons from the Vedic textile shop.
Response,Paying a brahmachari five rupees to clean the pots for you.
Response,"Caranamrta, but purple."
Response,"Wee-wee on the temple floor, courtesy of a toddler during arati."
Response,Peeing in a glorious golden arc like a baby Krishna pastime painting.
Response,Accidentally peeing in your bead bag.
Response,Peeing in the Yamuna and then realizing it's sacred.
Response,Peeing in the ashram shower and hoping Paramatma didn't notice.
Response,Accidentally spilling water all over the altar.
Response,Peeing during japa and losing count.
Response,Passing kidney stones as austerity.
Response,Peer pressure to take initiation before you're ready.
Response,"Person milk, which is technically ahimsa."
Response,Putana's witch milk.
Response,That one prabhu who always keeps extra maha in his bead bag.
Response,"The sweet, sweet sound of the conchshell at 4:30 AM whether you like it or not."
Response,Picking my nose during japa and offering it to the tulasi plant.
Response,Piledriving my brother through the temple room floor during Damodarastakam.
Response,"Pingus Pongus, God of Ping Pong, defeated by Lord Jagannath in straight sets."
Response,Pink eye from rubbing my face on the vyasasana cushion.
Response,Kirtan music played on a pirate ship by Vaishnava buccaneers.
Response,Pizza prasadam with paneer instead of pepperoni.
Response,Copying someone else's Bhagavatam class word for word and pretending you realized it yourself.
Response,Playing trumpet for the temple president during Gaura Purnima.
Response,Plopping into the Yamuna with all my gopi sisters.
Response,Poison offered to Krishna by Putana.
Response,ISKCON politics.
Response,Poo-poo in the temple bathroom that someone forgot to flush before mangala-arati.
Response,Poop falling from the sky like the demons fell from Vaikuntha.
Response,"Chanting ""Poop poop poop"" on your japa beads because you forgot the maha-mantra."
Response,Pooping ekadasi beans forever.
Response,Pooping in a bag and leaving it outside the brahmachari ashram.
Response,Pooping in a laptop during an online Bhagavatam class and closing it.
Response,Pooping on the temple lawn and lighting it on fire and dancing around it like a Holi celebration.
Response,Pooping on the gurukula lawn.
Response,Pooping while running full speed to make it to mangala-arati on time.
Response,"Pork, which devotees have never even thought about because we were already vegetarian before that was cool."
Response,"Varuna, Lord of the Sea, who is basically just Poseidon's older, more qualified Vedic brother."
Response,"Possibly a burfi or maybe a turd, honestly hard to tell in the Sunday Feast line."
Response,Practicing kissing the Deities' lotus feet.
Response,Principal Duradhara dasa.
Response,"Whether to call Arjuna ""he"" or ""the supreme instrument of the Lord's will."""
Response,Going through brahmacharya puberty where your voice cracks during mangala-arati.
Response,Punching a beehive to collect honey for the Deities' abhisheka.
Response,Punching a clown right in the big pants because he was blocking the parikrama path.
Response,Punching a demon through a wall like Lord Narasimhadeva.
Response,"Punching every maya-influenced person in the material world, starting with myself."
Response,Pushing a halava pot around in a stroller because it's your baby now.
Response,Putting 22 tulasi leaves in my mouth during maha-prasadam.
Response,Putting an apple in Bakasura's mouth and roasting him for Krishna's dinner.
Response,Putting my brain into the body of Jambavan the bear king.
Response,Putting my head on the floor for dandavat pranams on absolutely everything.
Response,Putting on a dhoti and a chadar and going around distributing books to people.
Response,"Putting peanut butter on one chapati and jam on the other and calling it ""fusion prasadam."""
Response,Questioning the authority of self-appointed gurus on YouTube.
Response,Quitting the material world.
Response,"The rabies you get from petting one of Vrindavan's ""friendly"" monkeys."
Response,"Racism, sexism, and homophobia, none of which exist in the spiritual world because everyone is too busy being blissful."
Response,Raising an army of Timingila fish to attack the Golden Gate Bridge.
Response,"Raisins in the sweet rice, which is an act of violence."
Response,Rated-R stuff that definitely happened in the Kama Sutra but we don't talk about it in Bhagavatam class.
Response,"Ratzilla, the giant rat living behind the temple dumpster who has basically taken diksha at this point."
Response,Reading my god-sister's japa journal.
Response,Really bad Dad jokes from the temple president during Sunday Feast announcements.
Response,Rejecting modern society and living life as a sadhu in Vrindavan.
Response,Releasing the Garuda!
Response,"Respecting personal boundaries, which does not exist in Indian culture or at the temple."
Response,"Reverse mermaids â€” human legs, fish top â€” clearly a product of Lord Brahma's creative exhaustion."
Response,Rich people who come to the temple once a year on Janmashtami and donate exactly eleven dollars.
Response,Robbing a bank to fund the new temple construction project.
Response,The romance between Radha and Krishna that makes every Bollywood movie look pathetic.
Response,Rubbing ghee all over my body for an Ayurvedic treatment that definitely isn't real.
Response,Rubbing oil on Srila Prabhupada's murti.
Response,Ruining Gaura Purnima by eating grains.
Response,Running away from the temple ashram.
Response,Running full speed into a wall because you were reading while walking to the temple.
Response,Running through Govinda's restaurant naked.
Response,SILENCE IN THE TEMPLE ROOM!
Response,Sacrificing Uncle Tim's peace and quiet by moving a brahmachari ashram into his basement.
Response,The sadness of forgetting Krishna.
Response,"Salad, which is what you eat on ekadasi when the cook forgot to plan anything."
Response,"Salmon, which devotees definitely do not eat but will stare at longingly in the grocery store. Just kidding, no they won't."
Response,"Santa Claus, who is clearly just a demigod operating under the jurisdiction of Indra."
Response,"Satan, who doesn't exist in our philosophy but Kali Yuga is doing a pretty good impression."
Response,Saving up my pranami for ten years and then donating for the world's largest Jagannath Rath Yatra cart.
Response,"Saying ""Hare Krishna"" instead of ""I love you."""
Response,"Saying mean stuff to people and then adding ""but it's just transcendental"" to justify it."
Response,Gurukula.
Response,Sankhya philosophy.
Response,"Scratching my butt during japa and then sniffing my fingers, which is definitely tamo-guna."
Response,"Screaming ""I AM NARASIMHADEVA!"" and running around the temple chasing people."
Response,Screaming and screaming during the last round of Gaura-arati kirtan and never stopping.
Response,Screaming at the peacocks in Vrindavan at four in the morning.
Response,Screaming into a dented prasadam pot.
Response,"Screaming the F-word, which in ISKCON stands for ""Forget Krishna"" and is the worst obscenity."
Response,"Separating a baby cow from its mother, which is literally the worst thing in Vaishnava theology."
Response,Setting stuff on fire with your mystic yogic powers.
Response,Seventy-three identical temple cats who all showed up for prasadam.
Response,"Seymour Dhoti, the devotee whose cloth keeps falling off during kirtan."
Response,The shame of eating non-offered food.
Response,"Sharks with legs, which is definitely one of Brahma's 8,400,000 species."
Response,Makaras.
Response,Shaving Dad's back because he's taking brahmana initiation tomorrow.
Response,Shaving my sikha off with a cheese grater as an act of protest.
Response,Shirtless naga-babas at the Kumbha Mela.
Response,Shoplifting incense from the temple gift shop.
Response,Short dhotis.
Response,"Shouting ""Haribol!"""
Response,Shoving a fork into a power outlet because you confused it with prasadam somehow.
Response,Showgurt: the yogurt that makes you do spontaneous kirtan dancing.
Response,Showing everyone my pranama mantra tattoo.
Response,Hanuman.
Response,"Shutting up during Bhagavatam class, which has never happened once in ISKCON history."
Response,Noble silence during the japa period.
Response,"Sitting atop a pile of halava, like some kind of halava queen."
Response,Sitting on a cake that was supposed to be the Deity's birthday offering.
Response,Sitting on the temple toilet and chanting your rounds in there because it's the only quiet place.
Response,Slapping my huge belly after fourth-plate Sunday Feast.
Response,Slapping that mridanga.
Response,"Slappy Spatchy, the game where brahmacharis slap each other with chapati rollers."
Response,Slow internet in the Vrindavan ashram.
Response,Slowly turning into paneer through excessive prasadam consumption.
Response,Smashing the patriarchy by reminding everyone that Draupadi handled five husbands and a kingdom.
Response,"Smelling like onions, which means you're either a karmi or a very fallen devotee."
Response,Smooshing a samosa through a screen door.
Response,"Snakes, of which Ananta Shesha is the best and most devotional."
Response,Sneezing tulasi leaves out of my nose.
Response,"Sniffing a temple dog's butt, which is somehow less offensive than sniffing non-offered food."
Response,Snoop Dogg showing up to the temple and leaving as Snoop Govinda Dasa.
Response,Snot bubbles during an intense crying kirtan.
Response,Snot rockets launched during kartik morning walks in Vrindavan.
Response,Social media accounts run by devotees who post kirtan clips with way too many hashtags.
Response,Some freakin' privacy in the brahmachari ashram for once.
Response,Some kind of prasadam goblin that follows me around the temple asking for seconds.
Response,Some stinky woman who lives in the Yamuna and is probably a river goddess.
Response,"Some weird guy at the back of the temple room who's been ""visiting"" for eleven years."
Response,Soup prasadam.
Response,"Space lasers, which are basically just the Brahmastra but modern."
Response,Spawning cows in Goloka Vrindavan.
Response,Spending my parents' hard-earned money on maha-big-book orders.
Response,"Hanuman, who is basically Spider-Man but stronger, older, and a pure devotee."
Response,Spiders in the temple room that nobody wants to kill because ahimsa.
Response,Spinning and barfing during ecstatic kirtan.
Response,Charanamrita spit.
Response,Squealing like Varaha when He lifted the Earth.
Response,Squeezing a lemon into my eye as austerity for Kartik.
Response,Squirty paneer.
Response,Stank breath from chewing raw tulasi on an empty stomach at 4 AM.
Response,Stealing from the Laxmi collection box.
Response,Stealing a peacock from Vrindavan and taking it home in your bead bag.
Response,Stealing a temple van.
Response,"Stealing Deities from other temples, which actually has a long historical tradition in India."
Response,Stealing money from life members.
Response,Stealing people's money and going to gurukula detention.
Response,Stealing people's karatalas.
Response,"Steven Universe, who is clearly on a journey of bhakti whether he knows it or not."
Response,Stinking up the whole temple van on the way back from harinama.
Response,"Stinky Madhavi, the book distributor that nobody wants to stand next to."
Response,"Stress, which Arjuna invented on the battlefield of Kurukshetra."
Response,Maya.
Response,Stuffing my dhoti with laddu.
Response,Sucking at mridanga.
Response,Sucking at devotional life.
Response,Sucking at all sixteen rounds.
Response,"Supreme Court Justice Ruth Bader Ginsburg, who exhibited the determination of Prahlada Maharaja."
Response,Swallowing a bunch of tulasi seeds and shooting them out like a bead bag machine gun.
Response,"Kartavirya Arjuna's thousand arms, each holding a sword."
Response,LEADING KIRTAN WAY TOO LOUD AT 4:30 AM.
Response,THE SUDARSHANA CHAKRA!
Response,Leaving a pile of half-chewed maha in the hallway and blaming it on the temple cat.
Response,Dropping my bead bag in the Radha Kunda.
Response,Leaving a plate of maha on the vyasasana when no one's looking.
Response,Taking a selfie with the Deities during darshan arati.
Response,Trying to get the third eye to open by literally pulling my eyelids apart.
Response,Talking to the Jagannath Deities about my relationship problems.
Response,Tasty yum-yums for my prasadam hole.
Response,Not reporting my Laxmi donations to the IRS.
Response,Book distribution without a temple president's authorization.
Response,Teaching a peacock to attack maya.
Response,The entire fourth canto of the Bhagavatam.
Response,Teeny tiny balls of paneer stuck to the bottom of the wok.
Response,Kamsa's secret police.
Response,Hiranyakashipu.
Response,That there Narasimhadeva emerging from the pillar.
Response,The British soldiers who arrested Srila Bhaktivinoda Thakura's associates.
Response,Kali personified.
Response,The Bhagavad Gita As It Is.
Response,The head pujari.
Response,The Saraswata Gaudiya Vaishnavas.
Response,The underground network that smuggled Srila Prabhupada's books into the Soviet Union.
Response,The ratha-yatra cart that keeps losing a wheel.
Response,The crocodile that grabbed Gajendra's leg.
Response,The answers to tomorrow's Bhakti Shastri exam.
Response,Baby Krishna.
Response,The brahmachari left in charge of the gurukula kids.
Response,The halava.
Response,The beautiful subjis made from a single potato.
Response,The big parachute-sized chadar Grandfather Bhishma was lying on.
Response,The biggest serving spoon you ever saw at the Sunday Feast.
Response,The bold flavor and big crunch of Govinda's Simply Wonderfuls.
Response,The temple van driver.
Response,The vyasasana.
Response,The holy land of Vrindavan.
Response,The devotee who insists on checking your tongue for hari-nama residue.
Response,The massive pile of Sunday Feast dishes.
Response,The time the temple president and the head pujari stopped speaking to each other.
Response,The Jagannath Deity whose eyes follow you everywhere.
Response,The peacock who eats grains out of Krishna's hand.
Response,The entire state of West Bengal.
Response,The fattest temple cat Mayapur has ever known.
Response,The second-year gurukula students.
Response,The first female GBC member.
Response,The cold marble floor during Mangala Arati.
Response,The freedom to chant Hare Krishna in any country.
Response,The brahmachari on garbage seva.
Response,The mataji who defeated me in a Bhagavatam verse memorization contest.
Response,"The gluteus maximus, which is just a body made of maya anyway."
Response,The goat-legged mystic yogi who lives in a Himalayan cave.
Response,The GBC.
Response,The yoga teacher who showed up to a kirtan and never left.
Response,"The huge, stupid Rahu swallowing the moon."
Response,The humble earthworm in the compost behind the temple kitchen.
Response,The Sweet Rice Walla outside the Jagannath temple.
Response,The devotee on bathroom cleaning seva.
Response,"The longest tongue in the world, belonging to Lord Narasimhadeva."
Response,"The loose sikha at the back of a brahmachari's freshly shaved head, known as ""the antenna to Krishna."""
Response,The Sunday Feast serving mataji who decides your portion size.
Response,Kali Yuga's middle finger.
Response,The octopus-shaped deep-fried pakora stuck to my plate.
Response,The old sadhu with the japa bag who lives down the dark and winding gali in Vrindavan.
Response,The oppressive system of the varnashrama gone wrong.
Response,"The Vrindavan monkeys, who are the real police."
Response,The power of the three modes of material nature.
Response,The president of the Bhaktivedanta Book Trust.
Response,The temple president.
Response,The samosa police at the Sunday Feast line.
Response,"The Hare Krishna maha mantra that never ends, it just goes on and on, my friends."
Response,The sweet honking of Mataji's harmonium that desperately needs tuning.
Response,The terrible winter of 1976 when Srila Prabhupada's heater broke in New York.
Response,The way Gurudeva's room smells like sandalwood and old books.
Response,The way I feel when I see the Deities after the curtains open.
Response,The wettest khichri you ever heard hit a plate.
Response,The whole grihastha family showing up thirty minutes late to Mangala Arati.
Response,"Rukmini Devi, whom Krishna married by kidnapping her on a chariot."
Response,Drama kids at the Janmashtami festival.
Response,Devotee counselor meetings.
Response,"Thick, nasty burps from too much feast prasadam."
Response,This big danda.
Response,"This cow, who is my mother."
Response,This here pile of Govardhan shila remnants mixed with panchamrita.
Response,This pumpkin subji that somehow appeared in every Sunday Feast for six months.
Response,This stupid Cards Against Maya game.
Response,"Kaupins, the underwear that goes up your transcendental rear."
Response,Thousands of sabjis.
Response,Three glasses of hot milk with turmeric at the wrong time.
Response,Throwing a water balloon full of colored dye at the temple president during Holi.
Response,Throwing Simply Wonderfuls at passing karmis.
Response,Throwing flowers at the Deities during pushpa-abhisheka.
Response,Throwing maha at other maha during a prasadam fight.
Response,Throwing up double kartals with my besties at Govinda's Restaurant.
Response,"Throwing your guru's slippers on the vyasasana and yelling, ""Now I am guru!"""
Response,Tickling the pujari 'til he drops the ghee lamp.
Response,ISKCON Desire Tree.
Response,Toe jam from doing parikrama barefoot in Vrindavan.
Response,The block of tofu that materialists think devotees survive on.
Response,Toilet cobras in the Mayapur bathroom.
Response,"Tompkins Square Park, the talking birthplace of the Hare Krishna movement."
Response,Gopi-prema.
Response,Tossed sabji and scrambled paneer.
Response,Total prajalpa.
Response,Total Vaikuntha domination.
Response,Touching the feet of a pure devotee.
Response,Transferring my consciousness into a sacred cow at Goshalla.
Response,Tulasi trees.
Response,The three modes of material nature.
Response,True love's kiss between Radha and Krishna on the banks of the Yamuna.
Response,Trying really hard not to cry during the departure kirtan.
Response,Trying to catch that dang Vrindavan monkey who stole my glasses.
Response,"Tulasi nectar, the nectar that comes out of a Tulasi bath."
Response,Turning 108.
Response,Dancing in kirtan so hard your dhoti falls off.
Response,Two conchshells.
Response,Uncle Nanda Maharaja.
Response,Not having a temple service assignment.
Response,Unleashing a Narasimhadeva that will destroy all demons.
Response,"The planet of Uranus, which is also in the material world and therefore temporary."
Response,Using water balloons as karatalas.
Response,Using my danda as a back scratcher.
Response,Burning camphor during arati and pretending it's vaping.
Response,Violating the Deity dress code by putting sunglasses on Jagannath.
Response,The Kurukshetra war.
Response,Violent descriptions in the ninth canto.
Response,"Kali personified, the dark lord of this age."
Response,"Vomiting with transcendental ecstasy, which is one of the eight symptoms of prema."
Response,KURUKSHETRA!
Response,Dwaraka.
Response,Waking up inside a mosquito net in Mayapur and finding a lizard on your face.
Response,"Walking around with a big magnifying glass examining tilak marks going ""hmmmmm."""
Response,Ashvatthama's crimes against the Pandava children.
Response,Philosophical war with the Mayavadis.
Response,Taking a proper bath in the Ganges before Mangala Arati.
Response,Watching you offer your bhoga.
Response,Ganges water.
Response,Wearing a turban and talking like a Vrindavan Brijbasi.
Response,Wearing a wig and dancing as a gopi in the Janmashtami drama.
Response,Wearing Vaishnava tilak and sounding like you've read every purport.
Response,Wearing wooden padukas.
Response,Whatever the grihastha breadwinner does at their karmi job.
Response,"Whispering secrets to my best friend, Surabhi the cow."
Response,"Krishna doesn't care, and neither do I."
Response,Wiping my feet before entering the temple room.
Response,Mystic yoga siddhis used for the wrong reasons.
Response,Seva.
Response,"Ashtanga yoga, which is actually just the beginning."
Response,"You, the eternal spirit soul."
Response,Your four-armed form.
Response,Your maya!
Response,Zipping my little godbrother into a sleeping bag at the brahmachari ashram.
